язык,семья,ареал,p,t,k,b,d,g,сколько взрывных фонем,литература,комментарии
Abau,Sepik,Papunesia,1,0,1,0,0,0,2,,
Abenaki (Western),Algic,North America,1,1,1,1,1,1,6,https://escholarship.mcgill.ca/downloads/j67315387,
Abipon,Guaicuru,South America,1,1,1,0,0,0,3,https://linguistics.berkeley.edu/saphon/en/inv/Abipon.html,
Achagua,Arawak,South America,1,1,1,1,1,0,5,https://linguistics.berkeley.edu/saphon/en/inv/Achagua.html,
Achi,Mayan,North America,1,1,1,0,0,0,3,http://biblioteca.usac.edu.gt/tesis/07/07_2006.pdf,
Achuar-Shiwiar,Jivaroan,South America,1,1,1,0,0,0,3,https://linguistics.berkeley.edu/saphon/en/inv/Achuar.html,
Achumawi,Hokan,North America,1,1,1,1,1,1,6,https://www.jstor.org/stable/pdf/1263305.pdf,
Acoma,Keresan,North America,1,1,1,1,1,1,6,https://theswissbay.ch/pdf/Books/Linguistics/Mega%20linguistics%20pack/North%20American/Tanoan%20%26%20Keresan/Acoma%20Grammar%20and%20Texts%20%28Miller%29.pdf,
Adnyamathanha,Pama-Nyungan,Australia,1,1,1,0,0,0,3,,
Adzera,Austronesian,Papunesia,0,0,0,1,1,1,3,,
Aguacateco,Mayan,North America,1,1,1,0,0,0,3,Awakatek language and alphabet,
Aguaruna,Jivaroan,South America,1,1,1,0,0,0,3,https://linguistics.berkeley.edu/saphon/en/inv/Aguaruna.html,
Ahtna,Na-Dene,North America,1,1,1,0,0,0,3,"Ahtna language, alphabet and pronunciation",
Aikanã,Isolate,South America,1,1,1,1,1,0,5,https://linguistics.berkeley.edu/saphon/en/inv/Aikana.html,
Ainu,Ainu,Eurasia,1,1,1,0,0,0,3,https://scholarspace.manoa.hawaii.edu/server/api/core/bitstreams/911cd102-b5a2-4a08-8649-121f5bb78fc2/content,
Akuntsú,Tupí,South America,1,1,1,0,0,0,3,https://linguistics.berkeley.edu/saphon/en/inv/Akuntsu.html,
Akurio,Carib,South America,1,1,1,0,0,0,3,https://linguistics.berkeley.edu/saphon/en/inv/Akurio.html,
Alabama,Muskogean,North America,1,1,1,1,0,0,4,https://www.journals.uchicago.edu/doi/pdf/10.1086/465002?download=true,
Alacalufe,Alacalufan,South America,1,1,1,0,0,0,3,https://linguistics.berkeley.edu/saphon/en/inv/AlacalufeC.html,
Alamblak,Sepik,Papunesia,1,1,1,1,1,1,6,,все глухие только аспирированные
Alawa,Mangarrayi-Maran,Australia,1,1,1,0,0,0,3,mb nd ŋɡ ɳɖ,
Aleut (Western),Eskimo-Aleut,North America,0,1,1,0,0,0,2,Phonetic structures of Aleut,t∫
Algonquin ,Algic,North America,1,1,1,1,1,1,6,"Algonquin Pronunciation Guide, Alphabet and Phonology (Algonkin)",
Alsea,Oregon Coast,North America,1,1,1,1,1,1,6,"Alsea Pronunciation Guide, Alphabet and Phonology (Alcea)",
Alyawarra,Pama-Nyungan,Australia,1,1,1,0,0,0,3,,
Amahuaca,Panoan,South America,1,1,1,0,0,0,3,https://linguistics.berkeley.edu/saphon/en/inv/Amahuaca.html,
Amanab,Border,Papunesia,1,1,1,1,0,1,5,,
Amarakaeri,Harakmbet,South America,1,1,1,0,0,0,3,https://linguistics.berkeley.edu/saphon/en/inv/Amarakaeri.html,есть /mb/ /ŋg/ /nd/
Amundava,Tupí,South America,1,1,1,0,0,0,3,https://linguistics.berkeley.edu/saphon/en/inv/Amundava.html,
Amuzgo,Oto-Manguean,North America,1,1,1,1,1,1,6,"Amuzgo Pronunciation Guide, Alphabet and Phonology",
Ancash Quechua,Quechua,South America,1,1,1,0,0,0,3,https://linguistics.berkeley.edu/saphon/en/inv/AncashQ.html,
Andoa,Zaparoan,South America,1,1,1,0,0,0,3,https://linguistics.berkeley.edu/saphon/en/inv/Andoa.html,
Andoke,Isolate,South America,1,1,1,1,1,0,5,https://linguistics.berkeley.edu/saphon/en/inv/Andoke.html,
Aneityum,Austronesian,Papunesia,1,1,1,0,0,0,3,,
Angaataha,Angan,Papunesia,1,1,1,0,0,0,3,,
Anguthimri,Pama-Nyungan,Australia,1,1,1,0,0,0,3,not t -- but t̪,
Anindilyakwa,Gunwinyguan,Australia,1,1,1,0,0,0,3,not t -- but t̪,
Ao,Sino-Tibetan,Eurasia,1,1,1,0,0,0,3,https://linguistics.berkeley.edu/phonlab/documents/2009/dwbruhn_Ao-paper_UC-PhonLab.pdf,
Apache (Chiricahua),Na-Dene,North America,0,1,1,1,1,1,5,Chiricahua-MescaleroNdee1.pdf,"not t -- but t(h), t', tˤ, not k -- but k(h), kˤ"
Apache (Jicarilla),Na-Dene,North America,1,1,1,0,1,0,4,Jicarilla Apache,
Apache (Western),Na-Dene,North America,1,1,1,0,0,0,3,Phonetic Structures of Western Apache on JSTOR,
Apalaí,Carib,South America,1,1,1,0,0,0,3,https://linguistics.berkeley.edu/saphon/en/inv/Apalai.html,
Apiaká,Tupí,South America,1,1,1,0,0,0,3,https://linguistics.berkeley.edu/saphon/en/inv/Apiaka.html,
Apinayé,Macro-Ge,South America,1,1,1,0,0,0,3,https://linguistics.berkeley.edu/saphon/en/inv/Apinaye.html,/mb/ /nd/
Apurinã,Arawak,South America,1,1,1,0,0,0,3,https://linguistics.berkeley.edu/saphon/en/inv/Apurina.html,
Arabana,Pama-Nyungan,Australia,1,1,1,0,0,0,3,,
Arabela,Zaparoan,South America,1,1,1,0,0,0,3,https://linguistics.berkeley.edu/saphon/en/inv/Arabela.html,
Arandai,South Bird's Head,Papunesia,1,1,1,1,1,1,6,,
Araona,Tacanan,South America,1,1,1,1,1,0,5,https://linguistics.berkeley.edu/saphon/en/inv/Araona.html,
Arapaho,Algic,North America,0,1,1,1,0,0,3,,
Arara do Acre,Panoan,South America,1,1,1,1,1,0,5,https://linguistics.berkeley.edu/saphon/en/inv/Shawa.html,
Araweté,Tupí,South America,1,1,1,0,1,0,4,https://linguistics.berkeley.edu/saphon/en/inv/Arawete.html,
Arikapú,Macro-Ge,South America,1,1,1,0,0,0,3,https://linguistics.berkeley.edu/saphon/en/inv/Arikapu.html,
Arikara,Na-Dene,North America,1,1,1,0,0,0,3,"Arikara Pronunciation Guide, Alphabet and Phonology",
Asháninka,Arawak,South America,1,1,1,0,0,0,3,https://linguistics.berkeley.edu/saphon/en/inv/Ashaninka.html,
Asmat,Trans New Guinea,Papunesia,1,1,1,1,1,0,5,https://library.oapen.org/bitstream/handle/20.500.12657/32243/1/613367.pdf,данные только по одному диалекту!
Asuriní do Tocantins,Tupí,South America,1,1,1,0,0,0,3,https://linguistics.berkeley.edu/saphon/en/inv/AsuriniT.html,
Asurini do Xingú,Tupí,South America,1,1,1,0,0,0,3,https://linguistics.berkeley.edu/saphon/en/inv/AsuriniX.html,
Atakapa,Atakapa,North America,1,1,1,1,1,1,6,"Atakapa Pronunciation Guide, Alphabet and Phonology",
Atayal,Austronesian,Papunesia,1,1,1,0,0,0,3,,
Atikamekw ,Algic,North America,1,1,1,1,1,0,5,"Atikamekw Pronunciation Guide, Alphabet and Phonology",
Atsugewi,Hokan,North America,1,1,1,0,0,0,3,"Atsugewi Pronunciation Guide, Alphabet and Phonology (Atsuge)",
Auishiri,Isolate,South America,1,1,1,0,0,0,3,https://linguistics.berkeley.edu/saphon/en/inv/Aiwa.html,
Avá-Canoeiro,Tupí,South America,1,1,1,0,0,0,3,https://linguistics.berkeley.edu/saphon/en/inv/AvaCanoeiro.html,
Awa Pit,Barbacoan,South America,1,1,1,0,0,0,3,https://linguistics.berkeley.edu/saphon/en/inv/AwaCuaiquer.html,
Awetí,Tupí,South America,1,1,1,0,0,0,3,https://linguistics.berkeley.edu/saphon/en/inv/Aweti.html,
Awtuw,Sepik,Papunesia,1,1,1,0,1,0,4,,все глухие только аспирированные
Ayacucho Quechua,Quechua,South America,1,1,1,0,0,0,3,https://linguistics.berkeley.edu/saphon/en/inv/AyacuchoQ.html,
Aymara,Aymaran,South America,1,1,1,0,0,0,3,https://linguistics.berkeley.edu/saphon/en/inv/AymaraC.html,
Badimaya,Pama-Nyungan,Australia,1,1,1,0,0,0,3,,
Bandjalang,Pama-Nyungan,Australia,1,1,1,0,0,0,3,,
Banggarla,Pama-Nyungan,Australia,1,1,1,0,0,0,3,,
Baniwa,Arawak,South America,1,1,1,1,1,0,5,https://linguistics.berkeley.edu/saphon/en/inv/BaniwaS.html,
Barasano,Tucanoan,South America,0,1,1,1,1,1,5,,
Bardi,Nyulnyulan,Australia,1,1,1,0,0,0,3,,
Barí,Chibchan,South America,0,1,1,1,1,0,4,https://linguistics.berkeley.edu/saphon/en/inv/Bari.html,
Baure,Arawak,South America,1,1,1,0,0,0,3,https://linguistics.berkeley.edu/saphon/en/inv/Baure.html,
Bayungu,Pama-Nyungan,Australia,1,1,1,0,0,0,3,,
Bella Coola,Salishan,North America,1,1,1,0,0,0,3,Bella coola phonology - ScienceDirect,
Bésɨro,Macro-Ge,South America,1,1,1,0,0,0,3,https://linguistics.berkeley.edu/saphon/en/inv/Besiro.html,
Biak,Austronesian,Papunesia,1,1,1,1,1,0,5,,
Bilinarra,Pama-Nyungan,Australia,1,1,1,0,0,0,3,,
Biloxi,Siouan,North America,1,1,1,0,1,1,5,"Biloxi Pronunciation Guide, Alphabet and Phonology",
Bininj Gun-Wok,Gunwinyguan,Australia,0,0,0,1,1,1,3,d̪,
Biri,Pama-Nyungan,Australia,1,1,1,0,0,0,3,not t -- but t̪,
Blackfoot,Algic,North America,1,1,1,0,0,0,3,A Sketch of Blackfoot Historical Phonology on JSTOR,
Bolivian Quechua,Quechua,South America,1,1,1,0,0,0,3,https://linguistics.berkeley.edu/saphon/en/inv/BolivianQ.html,
Bora,Boran,South America,1,1,1,0,0,0,3,https://linguistics.berkeley.edu/saphon/en/inv/Bora.html,
Border Kuna,Chibchan,South America,1,1,1,0,0,0,3,https://linguistics.berkeley.edu/saphon/en/inv/Kuna.html,
Boruca,Chibchan,North America,0,1,1,1,1,1,5,"Boruca Pronunciation Guide, Alphabet and Phonology (Brunka)",
Bribri,Chibchan,North America,1,1,1,1,1,0,5,"Bribri Pronunciation Guide, Alphabet and Phonology",
Buglere,Chibchan,North America,0,1,1,1,1,1,5,"Buglere Pronunciation Guide, Alphabet and Phonology (Bugle)",
Bularnu,Pama-Nyungan,Australia,1,1,1,0,0,0,3,t̪  k͉  p͉,
Bunuba,Bunaban,Australia,1,1,1,0,0,0,3,,
Buol,Austronesian,Papunesia,1,0,1,1,1,1,5,,
Burarra,Maningrida,Australia,1,1,1,0,0,0,3,,
Cabecar,Chibchan,North America,1,1,1,1,1,1,6,"Cabecar Pronunciation Guide, Alphabet and Phonology",
Cabiyarí,Arawak,South America,1,1,1,0,1,0,4,https://linguistics.berkeley.edu/saphon/en/inv/Cabiyari.html,
Cacua,Nilotic,Africa,1,1,1,0,0,0,3,,
Caddo,Caddoan,North America,1,1,1,1,1,0,5,"Caddo Pronunciation Guide, Alphabet and Phonology",
Cahuilla,Uto-Aztecan,North America,1,1,1,0,0,0,3,"Cahuilla Pronunciation Guide, Alphabet and Phonology",
Cajamarca Quechua,Quechua,South America,1,1,1,0,0,0,3,,
Cakchiquel ,Mayan,North America,1,1,1,1,0,0,4,"Kaqchikel Maya Pronunciation Guide, Alphabet and Phonology (Cakchiquel)",
Candoshi-Shapra,Isolate,South America,1,1,1,0,0,0,3,https://linguistics.berkeley.edu/saphon/en/inv/Candoshi.html,есть преназализованные версии этих глухих
Canela,Macro-Ge,South America,1,1,1,0,0,0,3,,
Capanahua,Panoan,South America,1,1,1,0,0,0,3,,
Caquinte,Arawak,South America,1,1,1,0,0,1,4,,
Carib,Carib,South America,1,1,1,0,0,0,3,,
Carijona,Carib,South America,0,1,1,1,1,1,5,,
Carrier,Na-Dene,North America,1,1,1,0,1,1,5,Carrier language and syllabary,
Cashinahua,Panoan,South America,1,1,1,1,1,0,5,,
Catawba,Siouan,North America,1,1,1,1,1,1,6,"enwiki-Catawba_language-20200725.pdf : Wikipedia : Free Download, Borrow, and Streaming : Internet Archive",
Cavineña,Tacanan,South America,1,1,1,1,1,0,5,,
Cayubaba,Isolate,South America,1,1,1,1,1,0,5,,
Cayuga,Iroquoian,North America,0,1,1,0,0,0,2,,
Central Sama,Austronesian,Papunesia,1,0,1,1,1,1,5,,
Chácobo,Panoan,South America,1,1,1,0,0,0,3,,
Chamicuro,Arawak,South America,1,1,1,0,0,0,3,,
Chamorro,Austronesian,Papunesia,0,1,1,1,1,1,5,,
Chasta Costa,Na-Dene,North America,0,1,1,1,1,1,5,"Notes on Chasta Costa phonology and morphology : Sapir, Edward, 1884-1939 : Free Download, Borrow, and Streaming : Internet Archive","not t -- but t', t!; not k -- but k'w"
Chatino,Oto-Manguean,North America,1,1,1,1,1,0,5,Chatino Formulas and Phonemes on JSTOR,
Chemakuma,Chemakuam,North America,1,1,0,0,0,0,2,ia903209.us.archive.org/32/items/enwiki-Chemakum_language-20200727.pdf/enwiki-Chemakum_language-20200727.pdf,not k -- but k(w)
Chemehuevi,Uto-Aztecan,North America,1,1,1,0,0,0,3,Chemehuevi Phonology on JSTOR,
Cherokee,Iroquoian,North America,0,1,1,0,0,0,2,,
Cheyenne,Algic,North America,1,1,1,0,0,0,3,,
Chichimeca,Oto-Manguean,North America,1,1,1,1,1,1,6,enwiki-Chichimeca_Jonaz_language-20200725.pdf,
Chickasaw,Muskogean,North America,1,1,1,1,0,0,4,"Chickasaw Pronunciation Guide, Alphabet and Phonology",
Chicomuceltec ,Mayan,North America,1,1,1,1,0,0,4,"Chicomuceltec Maya Pronunciation Guide, Alphabet and Phonology",
Chimariko ,Hokan,North America,1,1,1,0,0,0,3,(36) Chimariko grammar: areal and typological perspective,
Chimila,Chibchan,South America,1,1,1,0,0,0,3,,mb nd ŋɡ
Chinantec,Oto-Manguean,North America,1,1,1,0,0,1,4,(PDF) Ojitlan Chinantec Phonology and Morphology,
Chipaya,Uru-Chipaya,South America,1,1,1,0,0,0,3,,
Chitimacha ,Chitimacha,North America,1,1,1,1,1,1,6,Phonologic Formulas for Atakapa-Chitimacha on JSTOR,
Choctaw,Muskogean,North America,1,1,1,1,0,0,4,"Choctaw Pronunciation Guide, Alphabet and Phonology",
Chol,Mayan,North America,1,1,1,1,0,0,4,"Ch'ol Maya Pronunciation Guide, Alphabet and Phonology (Chol)",
Cholón,Hibito-Cholon,South America,1,1,1,0,0,0,3,,
Chontal (Highland),Hokan,North America,1,1,1,1,1,1,6,Highland Chontal Phonemics on JSTOR,not k -- but k'
Chontal (Huamelultec Oaxaca),Hokan,North America,1,1,1,1,1,1,6,Презентация PowerPoint,
Chontal (Maya),Mayan,North America,1,1,1,1,1,0,5,"Chontal Maya Pronunciation Guide, Alphabet and Phonology",
Chorote,Mataco,South America,1,1,1,0,0,0,3,,
Chortí ,Mayan,North America,1,1,1,1,0,0,4,"Chorti Maya Pronunciation Guide, Alphabet and Phonology",
Chuave,Trans New Guinea,Papunesia,0,1,1,1,1,1,5,,
Chuj,Mayan,North America,1,1,1,1,0,0,4,"Chuj Maya Pronunciation Guide, Alphabet and Phonology",
Chumash (Barbareño),Chumash,North America,1,1,1,0,0,0,3,"Barbareño language, alphabet and pronunciation",
Clallam,Salishan,North America,1,1,1,0,0,0,3,Klallam language and alphabet,
Coahuilteco ,Coahuiltecan,North America,1,1,1,0,0,0,3,enwiki-Coahuilteco_language-20200725.pdf,
Cocos Islands Malay,Austronesian,Papunesia,1,0,1,1,1,1,5,,
Coeur d'Alene,Salishan,North America,1,1,0,1,1,0,4,http://ivydoak.com/Coeurd'Alene/grammar/crphon.htm,uvular k and g
Colac,Pama-Nyungan,Australia,1,1,1,0,0,0,3,,
Comanche,Uto-Aztecan,North America,1,1,1,0,0,0,3,,
Coos (Hanis),Oregon Coast,North America,1,1,1,1,0,1,5,"Coos: An Illustrative Sketch : Frachtenberg, Leo J. : Free Download, Borrow, and Streaming : Internet Archive",
Cora,Oregon Coast,North America,1,1,1,0,0,0,3,Phonemes and Phonemic Units of Cora (Mexico),
Cree,Algic,North America,1,1,1,0,0,0,3,,
Creek,Muskogean,North America,1,1,1,0,0,0,3,Maskoke (Creek)  Language,
Crow,Siouan,North America,1,1,1,0,0,0,3,,
Cubeo,Tucanoan,South America,1,1,1,1,1,0,5,,
Cuiba,Guahiban,South America,1,1,1,1,1,0,5,,
Cuicatec,Oto-Manguean,North America,1,1,1,0,0,0,3,enwiki-Cuicatec_language-20200726.pdf,
Cupeno,Uto-Aztecan,North America,1,1,1,0,0,0,3,,
Curripaco,Arawak,South America,1,1,1,1,1,0,5,,
Cuzco-Collao Quechua,Quechua,South America,1,1,1,0,0,0,3,,
Dení,Arawak,South America,1,1,1,1,1,0,5,,
Dera ,Senagi,Papunesia,1,1,1,1,1,1,6,,"+n̪, t̪, d̪"
Dhalandji,Pama-Nyungan,Australia,1,1,1,0,0,0,3,,
Dhargari,Pama-Nyungan,Australia,1,1,1,0,0,0,3,t̪  k͉  p͉,
Dharumbal,Pama-Nyungan,Australia,1,1,1,0,0,0,3,t̪  k͉  p͉,
Dhurga,Pama-Nyungan,Australia,1,1,1,0,0,0,3,,
Dhuwal (Dätiwuy),Pama-Nyungan,Australia,1,1,1,0,0,0,3,,
Djabugay,Pama-Nyungan,Australia,1,1,1,0,0,0,3,not t -- but t̪,
Djambarrpuyngu,Pama-Nyungan,Australia,1,1,1,0,0,0,3,t̪  k͉  p͉,
Djapu,Pama-Nyungan,Australia,1,1,1,0,0,0,3,,
Djeoromitxi,Macro-Ge,North America,1,1,1,0,0,0,3,,
Djinang,Pama-Nyungan,Australia,1,1,1,0,0,0,3,t̪  k͉  p͉,
Dyirbal,Pama-Nyungan,Australia,0,0,0,1,1,1,3,,
Eastern Cham,Austronesian,Eurasia,1,1,1,0,0,0,3,,
Ekari,Trans New Guinea,Papunesia,1,1,1,1,1,0,5,,
Emberá,Choco,South America,1,1,1,1,1,0,5,,
Enawené-Nawé,Arawak,South America,0,1,1,0,1,0,3,,
Fasu,Isolate,Papunesia,1,1,1,0,0,0,3,,
Ferreñafe Quechua,Quechua,South America,1,1,1,0,0,0,3,,
Fijian,Austronesian,Papunesia,1,0,1,0,0,0,2,,
Filipino,Austronesian,Papunesia,1,0,1,1,0,1,4,интересный,
Fwâi,Austronesian,Papunesia,1,0,1,0,0,0,2,,
Gaagudju,Isolate,Australia,1,1,1,0,0,0,3,,
Gadsup,Trans New Guinea,Papunesia,1,1,1,0,1,0,4,,
Garrwa,Garrwan,Australia,1,1,1,0,0,0,3,,
Gavião do Pará,Macro-Ge,South America,1,1,1,0,0,0,3,,
Gidabal,Pama-Nyungan,Australia,1,1,1,0,0,0,3,not t -- but t̪,
Gilbertese,Austronesian,Papunesia,1,1,1,0,0,0,3,,
Gooniyandi,Bunaban,Australia,1,1,1,0,0,0,3,,
Guahibo,Guahiban,South America,1,1,1,1,1,0,5,,
Guajá,Tupí,South America,1,1,1,0,0,0,3,,
Guambiano,Barbacoan,South America,1,1,1,0,0,0,3,,
Guarayu,Tupí,South America,1,1,1,0,0,0,3,,mb nd ŋɡ
Guayabero,Guahiban,South America,1,1,1,1,1,0,5,,
Gugadj,Pama-Nyungan,Australia,1,1,1,0,0,0,3,not t -- but t̪,
Gumatj,Pama-Nyungan,Australia,1,1,1,0,0,0,3,t̪  k͉  p͉,
Gunya,Pama-Nyungan,Australia,1,1,1,0,0,0,3,t̪  k͉  p͉,
Gupapuyngu,Pama-Nyungan,Australia,1,1,1,0,0,0,3,t̪  k͉  p͉,
Gureng Gureng,Pama-Nyungan,Australia,1,1,1,0,0,0,3,not t -- but t̪,
Gurindji,Pama-Nyungan,Australia,1,1,1,0,0,0,3,,
Gurr-goni,Maningrida,Australia,1,1,1,0,0,0,3,t̪  k͉  p͉,
Guugu Yimidhirr,Pama-Nyungan,Australia,1,1,1,0,0,0,3,,
Hawaiian,Austronesian,Papunesia,1,0,1,0,0,0,2,,
Hixkaryána,Carib,South America,1,1,1,1,1,0,5,,
Hopi,Uto-Aztecan,North America,1,1,1,0,0,0,3,,
Hoti,Isolate,South America,0,1,1,1,1,0,4,,
Huallaga Huánuco Quechua,Quechua,South America,1,1,1,0,0,0,3,,
Huambisa,Jivaroan,South America,1,1,1,0,0,0,3,,
Huarijio,Uto-Aztecan,North America,1,1,1,0,0,0,3,,
Huaylas-Conchucos Quechua,Quechua,South America,1,1,1,0,0,0,3,,
Huichol,Uto-Aztecan,North America,1,1,1,0,0,0,3,not t -- but t̪,
Huitoto Mirui,Witotoan,South America,0,1,1,1,1,1,5,,
I'saka,Sko,Papunesia,1,1,1,1,1,0,5,,
Iau,Lakes Plain,Papunesia,0,1,1,1,1,0,4,,
Ignaciano,Arawak,South America,1,1,1,1,1,0,5,,
Ikpeng,Carib,South America,1,1,1,0,0,1,4,,
Ilocano,Austronesian,Papunesia,1,0,1,1,0,1,4,,
Imbabura Quichua,Quechua,South America,1,1,1,0,0,0,3,,
Imonda,Border,Papunesia,1,1,1,1,1,1,6,,
Iñapari,Arawak,South America,1,1,0,0,0,0,2,,
Indonesian,Austronesian,Papunesia,1,0,1,1,1,1,5,,
Indonesian Bajau,Austronesian,Papunesia,1,0,1,1,0,1,4,,
Ingarikó,Carib,South America,1,1,1,0,0,0,3,,
Iquito,Zaparoan,South America,1,1,1,0,0,0,3,,
Irántxe,Isolate,South America,1,1,1,0,0,0,3,,
Irarutu,Austronesian,Papunesia,0,1,1,0,0,0,2,,
Itbayat,Austronesian,Papunesia,1,0,1,1,1,1,5,,
Itonama,Macro-Ge,South America,1,1,1,1,1,0,5,,
Iwaidja,Iwaidjan Proper,Australia,1,1,1,0,0,0,3,,
Iwam,Sepik,Papunesia,1,1,1,0,0,0,3,,
Jabutí,Macro-Ge,South America,1,1,1,0,0,0,3,,
Jamamadí,Arawan,South America,0,1,1,1,1,0,4,,
Jaminjung,Mirndi,Australia,1,1,1,0,0,0,3,,
Japreria,Carib,South America,1,1,1,0,0,0,3,,
Jaqaru,Aymaran,South America,1,1,1,0,0,0,3,,
Jarawara,Arawan,South America,0,1,1,1,0,0,3,,
Jauja-Huanca Quechua,Quechua,South America,1,1,1,0,0,0,3,,
Javanese,Austronesian,Papunesia,1,1,1,0,0,0,3,,
Júma,Tupí,South America,1,1,1,0,0,1,4,,
Jurúna,Tupí,South America,1,1,1,1,1,0,5,,
Kaapor,Tupí,South America,1,1,1,0,0,0,3,,
Kaingang,Macro-Ge,South America,1,1,1,0,0,0,3,,
Kaiwá,Tupí,South America,1,1,1,0,0,0,3,,
Kaliai,Austronesian,Papunesia,1,1,1,0,0,0,3,,
Kalkatungu,Pama-Nyungan,Australia,1,1,1,0,0,0,3,not t -- but t̪,
Kallawaya,,South America,1,1,1,0,0,0,3,,
Kamayurá,Tupí,South America,1,1,1,0,0,0,3,,
Kambera,Austronesian,Papunesia,1,1,1,0,0,0,3,,
Kanoé,Isolate,South America,1,1,1,0,0,0,3,,
Karadjeri,Pama-Nyungan,Australia,1,1,1,0,0,0,3,,
Karajá,Macro-Ge,South America,0,0,1,1,1,0,3,,
Kariera,Pama-Nyungan,Australia,1,1,1,0,0,0,3,not t -- but t̪,
Karitiâna,Tupí,South America,1,1,1,0,0,0,3,,
Karo,Tupí,South America,1,1,1,1,0,1,5,,
Katukína,Katukinan,South America,1,1,1,1,1,0,5,,
Kaurna,Pama-Nyungan,Australia,1,1,1,0,0,0,3,,
Kawaiisu,Uto-Aztecan,North America,1,0,1,1,0,0,3,,
Kawesqar,Alacalufan,South America,1,1,1,0,0,0,3,,
Kaxararí,Panoan,South America,1,1,1,0,0,0,3,,
Kaxuiâna,Carib,South America,1,1,1,0,0,0,3,,
Kayabí,Tupí,South America,1,1,1,0,0,1,4,,
Kayardild,Tangkic,Australia,1,1,1,0,0,0,3,,
Kaytej,Pama-Nyungan,Australia,1,1,1,0,0,0,3,,
Kedayan,Austronesian,Papunesia,1,0,1,1,1,1,5,,
Ket,Yeniseian,Eurasia,0,1,1,1,1,0,4,,
Kinikinao,Arawak,South America,1,1,1,0,0,0,3,,
Kithaulhu,Nambiquaran,South America,1,1,1,0,0,0,3,,
Kitja,Jarrakan,Australia,1,1,1,0,0,0,3,,
Koiari,Koiarian,Papunesia,0,1,1,1,1,1,5,,
Kokama-Kokamilla,Tupí,South America,1,1,1,0,0,0,3,,
Koreguaje,Tucanoan,South America,1,1,1,0,0,0,3,,
Korubo,Panoan,South America,1,1,1,0,0,0,3,,
Krahô,Macro-Ge,South America,1,1,1,0,0,0,3,,
Krinkati-Timbira,Macro-Ge,South America,1,1,1,0,0,0,3,,
Kubeo,Tucanoan,South America,1,1,1,1,1,0,5,,
Kuikúro-Kalapálo,Carib,South America,1,1,1,0,1,0,4,,д палатализованный
Kuku-Yalanji,Pama-Nyungan,Australia,1,1,1,0,0,0,3,not t -- but t̪,
Kulina,Arawan,South America,1,1,1,1,1,0,5,,
Kunjen,Pama-Nyungan,Australia,1,1,1,0,0,0,3,,
Kunza,Isolate,South America,1,1,1,1,0,0,4,,
Kuruáya,Tupí,South America,1,1,1,1,1,0,5,,
Kuuku Ya'u,Pama-Nyungan,Australia,1,1,1,0,0,0,3,,
Kwaio,Austronesian,Papunesia,0,1,0,0,0,0,1,,
Kwoma,Sepik,Papunesia,0,1,1,0,0,0,2,,"+kʷ (только mb, nd, ŋɡ)"
Lamu-Lamu,Pama-Nyungan,Australia,1,1,1,0,0,0,3,t̪  k͉  p͉,
Laragia,Isolate,Australia,1,1,1,0,0,0,3,,
Lardil,Tangkic,Australia,1,1,1,0,0,0,3,,
Latunde,Nambiquaran,South America,1,1,1,0,0,0,3,,
Lavukaleve,Isolate,Papunesia,0,1,0,1,1,0,3,,
Leco,Isolate,South America,1,1,1,1,1,0,5,,
Lenakel,Austronesian,Papunesia,1,1,1,0,0,0,3,,
Leti,Austronesian,Papunesia,1,1,1,0,1,0,4,,
Limilngan,Limilngan-Wulna,Australia,1,1,1,0,0,0,3,t̪  k͉  p͉,
Linngithig,Pama-Nyungan,Australia,1,1,1,0,0,0,3,t̪  k͉  p͉,
Lokono,Arawak,South America,1,1,1,1,1,0,5,,
Loniu,Austronesian,Papunesia,1,1,1,0,0,0,3,,
Luiseno,Uto-Aztecan,North America,1,1,1,0,0,0,3,,
Lule,Isolate,South America,1,1,1,0,0,0,3,,
Lusi,Austronesian,Papunesia,1,0,1,0,0,0,2,,
Macaguán,Guahiban,South America,1,1,1,1,0,0,4,,
Macuna,Tucanoan,South America,0,1,1,1,1,1,5,,
Macushi,Carib,South America,1,1,1,0,0,0,3,,
Madimadi,Pama-Nyungan,Australia,1,1,1,0,0,0,3,,
Madurese,Austronesian,Papunesia,1,1,1,1,1,1,6,t̪  d̪  ʈ  ɖ,
Mafea,Austronesian,Papunesia,1,1,1,0,0,0,3,,
Maka,Mataco,South America,1,1,1,0,0,0,3,,
Mako,Salivan,South America,1,1,1,1,1,0,5,,
Makuráp,Tupí,South America,1,1,1,0,0,0,3,,
Mamaindé,Nambiquaran,South America,1,1,1,0,0,0,3,,
Manchinere,Arawak,South America,1,1,1,0,0,0,3,,
Mandan,Siouan,North America,1,1,1,0,0,0,3,,
Mangarrayi,Mangarrayi-Maran,Australia,1,1,1,0,0,0,3,,
Mantjiltjara,Pama-Nyungan,Australia,1,1,1,0,0,0,3,,
Maori,Austronesian,Papunesia,1,1,1,0,0,0,3,,
Mapoyo,Carib,South America,1,1,1,0,0,0,3,,
Mapudungun,Araucanian,South America,1,1,1,0,0,0,3,,
Mara,Mangarrayi-Maran,Australia,0,0,0,1,1,1,3,,
Maranao,Austronesian,Papunesia,1,1,1,0,0,0,3,,
Maranungku,Western Daly,Australia,1,1,1,0,0,0,3,,
Margany,Pama-Nyungan,Australia,1,1,1,0,0,0,3,t̪  k͉  p͉,
Maringarr,Western Daly,Australia,1,1,1,0,0,0,3,t̪  k͉  p͉,
Marrithiyel,Western Daly,Australia,1,1,1,0,0,0,3,t̪  k͉  p͉,
Martuthunira,Pama-Nyungan,Australia,1,1,1,0,0,0,3,,
Matís,Panoan,South America,1,1,1,1,1,0,5,,
Matsés,Panoan,South America,1,1,1,1,1,0,5,,
Matsigenka,Arawak,South America,1,1,1,0,0,1,4,,
Maung,Iwaidjan Proper,Australia,1,1,1,0,0,0,3,,
Mawayana,Arawak,South America,0,1,1,0,0,0,2,ɗ,
Maxakalí,Macro-Ge,South America,1,1,1,0,0,0,3,,
Maybrat-Karon,Isolate,Papunesia,1,1,1,0,0,0,3,,
Mayi-Yapi,Pama-Nyungan,Australia,1,1,1,0,0,0,3,,
Mbabaram,Pama-Nyungan,Australia,0,0,0,1,1,1,3,,
Mbyá,Tupí,South America,1,1,1,0,0,0,3,,
Mehináku,Arawak,South America,1,1,1,0,0,0,3,,
Mekeo,Austronesian,Papunesia,1,1,1,0,0,0,3,,
Menominee,Algic,North America,1,1,1,0,0,0,3,,
MiamiIll,Algic,North America,1,1,1,0,0,0,3,,
Miriwung,Jarrakan,Australia,1,1,1,0,0,0,3,,
Miyako,Japonic,Eurasia,1,1,1,0,0,0,3,,
Mochica,Isolate,South America,1,1,1,0,0,0,3,,
Mocoví,Guaicuru,South America,1,1,1,0,1,0,4,,
Mohawk,Iroquoian,North America,0,1,1,0,0,0,2,,
Mor (Bomberai Peninsula),Isolate,Papunesia,0,0,1,0,0,0,1,,
Mosetén,Mosetenan,South America,1,1,1,1,1,0,5,,
Movima,Isolate,South America,1,1,1,0,0,0,3,ɗ,
Mudburra,Pama-Nyungan,Australia,1,1,1,0,0,0,3,,
Muisca,Chibchan,South America,1,1,1,0,0,0,3,,
Mundurukú,Tupí,South America,1,1,1,1,1,0,5,,
Muniche,Isolate,South America,1,1,1,0,1,1,5,,
Murrinh-Patha,Southern Daly,Australia,1,1,1,0,0,0,3,t̪  k͉  p͉,
Muruwari,Pama-Nyungan,Australia,1,1,1,0,0,0,3,,
Muylaq' Aymara,Aymaran,South America,1,1,1,0,0,0,3,,
Mwotlap,Austronesian,Papunesia,0,1,0,0,0,0,1,,
Mỹky,Isolate,South America,1,1,1,0,0,0,3,,
Nakkara,Maningrida,Australia,1,1,1,0,0,0,3,t̪  k͉  p͉,
Namia,Sepik,Papunesia,1,1,1,0,0,0,3,,
Nanti,Arawak,South America,1,1,1,1,0,1,5,,
Nasioi,South Bougainville,Papunesia,1,1,1,1,1,0,5,,
Naskapi,Algic,North America,1,1,1,0,0,0,3,,
Natügu,Austronesian,Papunesia,1,0,1,0,0,0,2,,
Ngaanyatjarra,Pama-Nyungan,Australia,1,1,1,0,0,0,3,,
Ngad''a,Austronesian,Papunesia,1,1,1,1,0,1,5,,
Ngadjumaja,Pama-Nyungan,Australia,1,1,1,0,0,0,3,,
Ngalakan,Gunwinyguan,Australia,1,1,1,0,0,0,3,,
Ngalkbun,Gunwinyguan,Australia,1,1,1,0,0,0,3,t̪  k͉  p͉,
Ngandi,Gunwinyguan,Australia,1,1,1,0,0,0,3,t̪  k͉  p͉,
Ngarinyman,Pama-Nyungan,Australia,1,1,1,0,0,0,3,,
Ngarla,Pama-Nyungan,Australia,1,1,1,0,0,0,3,,
Ngarluma,Pama-Nyungan,Australia,1,1,1,0,0,0,3,,
Ngawun,Pama-Nyungan,Australia,1,1,1,0,0,0,3,,
Ngiyambaa,Pama-Nyungan,Australia,1,1,1,0,0,0,3,,
Nhanda,Pama-Nyungan,Australia,1,1,1,0,0,0,3,t̪  k͉  p͉,
Nhandeva,Tupí,South America,1,1,1,0,0,1,4,dʒ nd mb,
Nheengatú,Tupí,South America,1,1,1,1,0,1,5,nd,
Nias,Austronesian,Papunesia,0,1,1,1,1,1,5,,
Nimboran,Nimboranic,Papunesia,1,1,1,1,1,1,6,,"not t,d - t̪, d̪"
Ninam of Ericó,Yanomam,South America,1,1,1,0,0,0,3,,
Niuean,Austronesian,Papunesia,1,1,1,0,0,0,3,,
Nivaclé,Mataco,South America,1,1,1,0,0,0,3,,
Nomatsigenga,Arawak,South America,1,1,1,1,0,1,5,,
North Junín Quechua (San Pedro de Cajas dialect),Quechua,South America,1,1,1,0,0,1,4,,
North Junín Quechua (Tarma dialect),Quechua,South America,1,1,1,1,0,1,5,,
North Marquesan,Austronesian,Papunesia,1,1,1,0,0,0,3,,
Northern Paiute,Uto-Aztecan,North America,1,1,1,0,0,0,3,,
Northern Puebla Nahuatl,Uto-Aztecan,North America,1,1,1,0,0,0,3,not t -- but t̪,
Nukini,Panoan,South America,1,1,1,1,0,0,4,,
Nunggubuyu,Gunwinyguan,Australia,1,1,1,0,0,0,3,,
Nyamal,Pama-Nyungan,Australia,1,1,1,0,0,0,3,,
Nyangumarda,Pama-Nyungan,Australia,1,1,1,0,0,0,3,,
Nyawaygi,Pama-Nyungan,Australia,1,1,1,0,0,0,3,,
Nyigina,Nyulnyulan,Australia,1,1,1,0,0,0,3,,
Nyulnyul,Nyulnyulan,Australia,1,1,1,0,0,0,3,,
Nyungar,Pama-Nyungan,Australia,1,1,1,0,0,0,3,,
Ocaina,Witotoan,South America,1,1,1,1,1,1,6,dz dʒ dʲ,
Ofayé,Macro-Ge,South America,0,1,1,0,1,1,4,,
Omagua,Tupí,South America,1,1,1,0,0,0,3,,
Omurano,Isolate,South America,1,1,0,1,0,0,3,,
Oneida,Iroquoian,North America,0,1,1,0,0,0,2,,
Onondaga,Iroquoian,North America,0,1,1,0,0,0,2,,
Oro Win,Chapakuran,South America,1,1,1,0,0,0,3,,
Paakantyi,Pama-Nyungan,Australia,1,1,1,0,0,0,3,t̪  k͉  p͉,
Pacahuara,Panoan,South America,1,1,1,0,0,0,3,,
Páez,Isolate,South America,1,1,1,0,0,0,3,,
Pai Tavytera,Tupí,South America,1,1,1,0,0,0,3,,
Paiwan,Austronesian,Papunesia,1,0,1,1,0,1,4,,
Pakanha,Pama-Nyungan,Australia,1,1,1,0,0,0,3,,
Palauan,Austronesian,Papunesia,0,1,1,1,1,0,4,,
Panamint,Uto-Aztecan,North America,1,1,1,0,0,0,3,,
Panará,Macro-Ge,South America,1,1,1,0,0,0,3,,
Panare,Carib,South America,1,1,1,0,0,0,3,,
Panobo,Panoan,South America,1,1,1,1,0,0,4,,
Panyjima,Pama-Nyungan,Australia,1,1,1,0,0,0,3,,
Paraguayan Guaraní,Tupí,South America,1,1,1,0,0,0,3,mb	 ŋɡ nd,
Parakanã,Tupí,South America,1,1,1,0,0,0,3,,
Paraujano,Arawak,South America,1,1,1,0,0,0,3,,
Paresí,Arawak,South America,0,1,1,1,0,0,3,,
Parkateje,Macro-Ge,South America,1,1,1,0,0,0,3,,
Patep,Austronesian,Papunesia,1,1,1,0,0,0,3,,
Pawnee,Caddoan,North America,1,1,1,0,0,0,3,,
Pemon,Carib,South America,1,1,1,0,0,0,3,,
Petats,Austronesian,Papunesia,1,1,1,1,0,1,5,,
Piapoco,Arawak,South America,1,1,1,1,1,0,5,,
Piaroa,Salivan,South America,1,1,1,1,1,0,5,,
Pilagá,Guaicuru,South America,1,1,1,0,1,1,5,,
Pintupi,Pama-Nyungan,Australia,1,1,1,0,0,0,3,,
Pirahã,Mura,South America,1,1,1,1,0,1,5,,
Pitjantjatjara,Pama-Nyungan,Australia,1,1,1,0,0,0,3,,
Pitta Pitta,Pama-Nyungan,Australia,1,1,1,0,0,0,3,,
Pohnpeian,Austronesian,Papunesia,1,0,1,0,0,0,2,,
Poyanáwa,Panoan,South America,1,1,1,1,1,0,5,,
Puinave,Isolate,South America,1,1,1,0,0,0,3,,
Pungupungu,Isolate,Australia,1,1,1,0,0,0,3,,
Puquina,Quechua,South America,1,1,1,1,0,1,5,,
Puri,Macro-Ge,South America,1,1,1,1,0,0,4,,
Rapoisi,South Bougainville,Papunesia,1,1,1,0,0,0,3,,
Rarotongan,Austronesian,Papunesia,1,1,1,0,0,0,3,,
Rembarnga,Gunwinyguan,Australia,1,1,1,0,0,0,3,t̪  k͉  p͉,
Reyesano,Tacanan,South America,1,1,1,0,0,0,3,mb ɳɖʐ,
Rikbaktsa,Macro-Ge,South America,1,1,1,1,1,0,5,,
Ritharngu,Pama-Nyungan,Australia,1,1,1,0,0,0,3,t̪  k͉  p͉,
Roro,Austronesian,Papunesia,1,1,1,1,0,0,4,,
Sabanê,Nambiquaran,South America,1,1,1,0,0,0,3,,
Sakirabiá,Tupí,South America,1,1,1,0,0,1,4,,
Samoan,Austronesian,Papunesia,1,0,1,0,0,0,2,,
San Martin Quechua,Quechua,South America,1,1,1,0,0,0,3,dʒ,
Sanömá of Kolulu,Yanomam,South America,1,1,1,0,0,0,3,,
Santiago del Estero Quechua,Quechua,South America,1,1,1,0,0,1,4,,
Sanumá,Yanomam,South America,1,1,1,0,0,0,3,,
Sápara,Zaparoan,South America,1,1,1,0,0,0,3,,
Satawalese,Austronesian,Papunesia,1,0,1,0,0,1,3,,
Sateré-Mawé,Tupí,South America,1,1,1,0,0,0,3,,
Savosavo,Isolate,Papunesia,1,1,1,0,0,0,3,,
Saynawa,Panoan,South America,1,1,1,1,0,0,4,,
Secoya,Tucanoan,South America,1,1,1,0,1,0,4,,
Seimat,Austronesian,Papunesia,1,0,1,0,0,0,2,,
Selaru,Austronesian,Papunesia,0,1,1,1,1,0,4,,
Selk'nam,Chon,South America,1,1,1,0,0,0,3,,
Seneca,Iroquoian,North America,0,1,1,0,0,0,2,,
Sentani,Sentanic,Papunesia,1,1,1,0,0,0,3,,
Shanenawa,Panoan,South America,1,1,1,0,0,0,3,,
Shawi,Cahuapanan,South America,1,1,1,0,0,0,3,,
Shawnee,Algic,North America,1,1,1,0,0,0,3,,
Shipibo,Panoan,South America,1,1,1,0,0,0,3,bβ ɖʐ,
Shiwilu,Cahuapanan,South America,1,1,1,0,0,0,3,,
Shuar,Jivaroan,South America,1,1,1,0,0,0,3,,
Siang,Austronesian,Papunesia,1,1,1,1,0,0,4,,
Sirionó,Tupí,South America,0,1,1,0,0,0,2,,
Sissano,Austronesian,Papunesia,0,0,0,1,0,0,1,,
Skou,Sko,Papunesia,1,1,1,1,0,0,4,,
South Efate,Austronesian,Papunesia,1,1,1,0,0,0,3,,
South Nuaulu,Austronesian,Papunesia,1,1,1,0,0,0,3,,
Southern Yauyos Quechua,Quechua,South America,1,1,1,1,0,0,4,,
Sundanese,Austronesian,Papunesia,1,0,1,1,1,1,5,,
Suruahá,Arawak,South America,0,1,1,1,1,1,5,,
Suyá,Macro-Ge,South America,1,1,1,0,0,0,3,,
Tacana,Tacanan,South America,1,1,1,1,1,0,5,,
Tahitian,Austronesian,Papunesia,1,1,0,0,0,0,2,,
Tamambo,Austronesian,Papunesia,0,1,1,0,0,0,2,,
Tanimuca-Retuarã,Tucanoan,South America,1,1,1,1,1,0,5,,
Tapayuna,Macro-Ge,South America,0,1,1,0,0,0,2,,
Tapieté,Tupí,South America,1,1,1,0,0,0,3,mb nd ŋɡ,
Tapirapé,Tupí,South America,1,1,1,0,0,0,3,,
Taushiro,Isolate,South America,0,1,1,0,0,0,2,,
Tausug,Austronesian,Papunesia,1,0,1,1,1,1,5,,
Tembé,Tupí,South America,1,1,1,0,1,0,4,,
Tengger,Austronesian,Papunesia,1,1,1,0,0,0,3,,
Tenharim,Tupí,South America,1,1,1,0,0,0,3,,
Terei,South Bougainville,Papunesia,1,1,1,0,0,1,4,,
Terêna,Arawak,South America,1,1,1,0,0,0,3,,
Tetum,Austronesian,Papunesia,1,0,1,1,0,0,3,,
Thaypan,Pama-Nyungan,Australia,1,1,1,0,0,0,3,t̪  k͉  p͉,
Tifal,Trans New Guinea,Papunesia,0,1,1,1,1,0,4,,
Tigak,Austronesian,Papunesia,1,1,1,1,0,1,5,,
Tinputz,Austronesian,Papunesia,1,1,1,0,0,0,3,,
Tiriyo,Carib,South America,1,1,1,0,0,0,3,,
Tiwi,Isolate,Australia,1,1,1,0,0,0,3,,
Toaripi,Eleman,Papunesia,1,1,1,0,0,0,3,,
Toba,Guaicuru,South America,1,1,1,0,0,1,4,,
Tohono O'odham,Uto-Aztecan,North America,1,1,1,0,0,0,3,,
Tonga,Austronesian,Papunesia,1,1,1,0,0,0,3,,
Tongan,Austronesian,Papunesia,1,1,1,0,0,0,3,,
Trinitario,Arawak,South America,1,1,1,0,0,0,3,,
Trió,Carib,South America,1,1,1,0,0,0,3,,
Trumai,Isolate,South America,1,1,1,0,0,0,3,,
Tsáfiki,Barbacoan,South America,1,1,1,1,1,0,5,,
Tsimané,Mosetenan,South America,1,1,1,1,1,0,5,,
Tsou,Austronesian,Papunesia,1,0,1,0,0,0,2,,
Tukang Besi North,Austronesian,Papunesia,1,1,1,1,0,1,5,,
Tunebo (Central dialect),Chibchan,South America,0,1,1,1,0,0,3,,
Tuparí,Tupí,South America,1,1,1,1,0,0,4,,
Tupinambá,Tupí,South America,1,1,1,1,0,0,4,,
Tuscarora,Iroquoian,North America,0,1,1,0,0,0,2,,
ukpa (de Irapa),Carib,South America,1,1,1,0,0,0,3,,
Umotína,Macro-Ge,South America,1,1,1,0,0,0,3,,
Umpila,Pama-Nyungan,Australia,1,1,1,0,0,0,3,not t -- but t̪,
Ungarinjin,Worrorran,Australia,1,1,1,0,0,0,3,,
Urarina,Isolate,South America,0,1,1,1,1,0,4,,
Uru,Uru-Chipaya,South America,1,1,1,0,0,0,3,,
Uru-Eu-Wau-Wau,Tupí,South America,1,1,1,0,0,0,3,,
Ute-Southern Paiute,Uto-Aztecan,North America,1,1,1,0,0,0,3,,
Vanimo,Sko,Papunesia,1,1,0,1,1,0,4,,+d̠
Wagiman,Isolate,Australia,1,1,1,0,0,0,3,t̪  k͉  p͉,
Waima,Austronesian,Papunesia,1,0,1,1,0,0,3,,
Waimiri-Atroarí,Carib,South America,1,1,1,1,1,0,5,,
Waiwai,Carib,South America,0,1,1,0,0,0,2,,
Walmatjari,Pama-Nyungan,Australia,1,1,1,0,0,0,3,,
Wambaya,Mirndi,Australia,1,1,1,0,0,0,3,,
Wangkangurru,Pama-Nyungan,Australia,1,1,1,0,0,0,3,,
Wangkumara,Pama-Nyungan,Australia,1,1,1,0,0,0,3,t̪  k͉  p͉,
Wanman,Pama-Nyungan,Australia,1,1,1,0,0,0,3,,
Wapichana,Arawak,South America,1,1,1,1,0,1,5,,
Warao,Isolate,South America,1,1,1,0,0,0,3,,
Waray (in Australia),Gunwinyguan,Australia,1,1,1,0,0,0,3,,
Wardaman,Yangmanic,Australia,1,1,1,0,0,0,3,,
Wari',Chapakuran,South America,1,1,1,0,0,0,3,,
Waris,Border,Papunesia,1,0,1,0,0,0,2,,
Warlpiri,Pama-Nyungan,Australia,1,1,1,0,0,0,3,,
Warndarang,Mangarrayi-Maran,Australia,1,1,1,0,0,0,3,,
Warrgamay,Pama-Nyungan,Australia,1,1,1,0,0,0,3,not t -- but t̪,
Warrnambool,Pama-Nyungan,Australia,1,1,1,0,0,0,3,,
Warrongo,Pama-Nyungan,Australia,1,1,1,0,0,0,3,,
Warrwa,Nyulnyulan,Australia,1,1,1,0,0,0,3,,
Warumungu,Pama-Nyungan,Australia,1,1,1,0,0,0,3,t̪  k͉  p͉,
Washkuk,Sepik,Papunesia,0,1,1,0,0,0,2,,"+kʷ (только mb, nd, ŋɡ)"
Wathawurrung,Pama-Nyungan,Australia,1,1,1,0,0,0,3,,
Watjarri,Pama-Nyungan,Australia,1,1,1,0,0,0,3,,
Waurá,Arawak,South America,1,1,1,0,0,0,3,,
Wayampi,Tupí,South America,1,1,1,0,0,0,3,,
Wayana,Carib,South America,1,1,1,0,0,0,3,,
Wayoró,Tupí,South America,1,1,1,0,0,1,4,,
Wayúu,Arawak,South America,1,1,1,0,0,0,3,,
Wembawemba,Pama-Nyungan,Australia,1,1,1,0,0,0,3,,
Western Cham,Austronesian,Eurasia,1,1,1,1,1,0,5,,
Wichí (Mision la Paz dialect),Mataco,South America,1,1,1,0,0,0,3,,
Wichita,Caddoan,North America,0,1,1,0,0,0,2,,
Wik Munkan,Pama-Nyungan,Australia,1,1,1,0,0,0,3,,
Wik Ngathana,Pama-Nyungan,Australia,1,1,1,0,0,0,3,not t -- but t̪,
Wogeo,Austronesian,Papunesia,0,0,1,1,0,1,3,,
Woiwurrung,Pama-Nyungan,Australia,1,1,1,0,0,0,3,,
Worora,Worrorran,Australia,1,1,1,0,0,0,3,,
Xavánte,Macro-Ge,South America,1,1,0,1,1,0,4,,
Xerénte,Macro-Ge,South America,1,1,1,1,1,0,5,,
Xetá,Tupí,South America,1,1,1,0,0,0,3,,
Xipaya,Tupí,South America,1,1,1,1,1,0,5,,
Xiriâna,Arawak,South America,1,1,1,1,1,0,5,,
Xokleng,Macro-Ge,South America,1,1,1,0,0,0,3,есть /mb/ /ŋg/ /nd/,
Yaathe,Macro-Ge,South America,1,1,1,0,1,0,4,,
Yabarana,Carib,South America,1,1,1,0,0,0,3,,
Yagua,Peba-Yaguan,South America,1,1,1,0,0,0,3,,
Yahgan,Isolate,South America,1,1,1,0,0,0,3,,
Yalarnnga,Pama-Nyungan,Australia,1,1,1,0,0,0,3,,
Yameo,Peba-Yaguan,South America,1,1,1,0,0,0,3,,
Yaminawa,Panoan,South America,1,1,1,0,0,0,3,,
Yankuntjatjara,Pama-Nyungan,Australia,1,1,1,0,0,0,3,,
Yanomámi,Yanomam,South America,1,1,1,0,0,0,3,,
Yanomamö,Yanomam,South America,1,1,1,0,0,0,3,,
Yanyuwa,Pama-Nyungan,Australia,1,1,1,0,0,0,3,,
Yapese,Austronesian,Papunesia,1,1,1,0,0,0,3,,
Yãroamë of Serra do Pacu/Ajarani,Yanomam,South America,1,1,1,0,0,0,3,,
Yawalapití,Arawak,South America,1,1,1,0,0,0,3,,
Yawanawa,Panoan,South America,1,1,1,0,0,0,3,,
Yawuru,Nyulnyulan,Australia,1,1,1,0,0,0,3,t̪  k͉  p͉,
Yaygir,Pama-Nyungan,Australia,1,1,1,0,0,0,3,not t -- but t̪,
Yekwana,Carib,South America,0,1,1,0,0,0,2,,
Yessan-Mayo,Sepik,Papunesia,0,1,1,0,0,0,2,,"глухие только аспирированные/лабиализованные (только mb, nd, ŋɡ)"
Yidiny,Pama-Nyungan,Australia,0,0,0,1,1,1,3,,
Yindjibarndi,Pama-Nyungan,Australia,1,1,1,0,0,0,3,,
Yine,Arawak,South America,1,1,1,0,0,0,3,,
Yingkarta,Pama-Nyungan,Australia,1,1,1,0,0,0,3,,
Yir Yoront,Pama-Nyungan,Australia,1,1,1,0,0,0,3,,
Yora,Panoan,South America,1,1,1,0,0,0,3,,
Yorta Yorta,Pama-Nyungan,Australia,1,1,1,0,0,0,3,,
Yucuna,Arawak,South America,1,1,1,0,0,0,3,,
Yukpa (Macoíta),Carib,South America,1,1,1,0,1,0,4,,
Yukulta,Tangkic,Australia,1,1,1,0,0,0,3,,
Yulparija,Pama-Nyungan,Australia,1,1,1,0,0,0,3,,
Yurakaré,Isolate,South America,1,1,1,1,1,0,5,,
Yuwaalaraay,Pama-Nyungan,Australia,1,1,1,0,0,0,3,,